Workbook

Sheet Assumptions
A1: Assumption | B1: Value | C1: Unit | D1: Source | E1: Confidence | F1: Notes
A2: Avg calls non-straightforwards | B2: 2.5 | C2: count | D2: gareth | E2: medium | F2: Average number of times contacted delinquents in non-straightforwards cases
A3: Time spent scheduling follow-up | B3: 2 | C3: minutes
A7: assumption_id | B7: assumption_name | C7: value | D7: unit | E7: source | F7: confidence_level | G7: notes
A8: FA-01 | B8: agent_hourly_cost | C8: 22 | D8: GBP | E8: Finance workbook | F8: High | G8: Blended agent hourly cost
A9: FA-02 | B9: working_days_per_month | C9: 21 | D9: days | E9: Finance workbook | F9: High | G9: Used for admin calculations
A10: FA-03 | B10: straightforward_case_share | C10: 0.38 | D10: ratio | E10: Operations estimate | F10: Medium | G10: Suitable for rules-driven self-service
A11: FA-04 | B11: avg_straightforward_case_minutes | C11: 18 | D11: minutes | E11: Operations leadership | F11: Medium | G11: Current case handling time
A12: FA-05 | B12: target_straightforward_case_minutes | C12: 10 | D12: minutes | E12: Operations target | F12: Medium | G12: Target after automation support
A13: FA-06 | B13: missed_follow_up_rate | C13: 0.14 | D13: ratio | E13: Activity tracker analysis | F13: Medium | G13: Indicative rate of missed or delayed follow-up
A14: FA-07 | B14: recovery_uplift_for_plan_selection | C14: 0.04 | D14: ratio | E14: Finance estimate | F14: Low | G14: Test in sensitivity analysis
A15: FA-08 | B15: recovery_uplift_for_promise_capture | C15: 0.025 | D15: ratio | E15: Finance estimate | F15: Low | G15: Scenario based
A16: FA-09 | B16: monthly_recovery_baseline | C16: 8000000 | D16: GBP | E16: Finance workbook | F16: Medium | G16: Baseline monthly recoveries
A17: FA-10 | B17: implementation_cost_low_complexity | C17: 45000 | D17: GBP | E17: Product delivery estimate | F17: Medium | G17: Starter figure
A18: FA-11 | B18: implementation_cost_medium_complexity | C18: 85000 | D18: GBP | E18: Product delivery estimate | F18: Medium | G18: Starter figure

Sheet Metrics
A1: Metric | B1: Value | C1: Units | D1: Source | E1: Confidence
A2: Delinquent account volume | B2: 3246 | C2: Count | D2: delinquent spreadsheet | E2: high
A3: Different date formats in spreadsheets | B3: 2 | C3: Count | D3: recovery spreadsheet | E3: high
A4: Case volume | B4: =ROUND(9891/2,0) -> 4946 | C4: Count/month | D4: recovery spreadsheet | E4: high
A5: Straightforward case volume | B5: =ROUND((B4)*Assumptions!C10,0) -> 1879 | C5: Count/month | D5: recovery spreadsheet | E5: medium
A6: Agent hours worked | B6: 577 | C6: hours/month | D6: recovery spreadsheet | E6: high
A7: Agent hours spent on manual work | B7: 197 | C7: hours/month | D7: recovery spreadsheet | E7: high
A8: Missed follow-up rate | B8: 15 | C8: Percent | D8: recovery spreadsheet | E8: high
A9: Current handling effort
A10: Number of agents | B10: 58 | C10: Count | D10: recovery spreadsheet | E10: high
A11: Portal training cost | B11: =20*B10*Assumptions!C8 -> 25520 | C11: GBP | D11: finance assumptions | E11: medium

Sheet Opportunities
A1: Opportunity | B1: Description | C1: Implementation Cost | D1: Hours saved (Annual) | E1: Revenue uplift (Annually) | F1: Soft benefit | G1: 12-month ROI | H1: Payback Period (Years) | I1: Risks | J1: Confidence Level | K1: Priority
A2: Portal gets status from database | B2: self-serve portal api can make requests to legacy database to check status of client. | C2: =(Assumptions!C17) -> 45000 | D2: =ROUND(6347*6/(60),0) -> 635 | E2: =D2*Assumptions!C8 -> 13970 | F2: Consistency , centralisation (less thinking and stress) | G2: =E2-C2 -> -31030 | H2: =ROUND(C2/E2,1) -> 3.2 | J2: High
A3: Portal sends sms | B3: self-serve portal can automatically send sms | C3: =(Assumptions!C17) -> 45000 | D3: =ROUND(4285*6/(60),0) -> 429 | E3: =D3*Assumptions!C8 -> 9438 | F3: Consistency, communication, visibility | G3: =E3-C3 -> -35562 | H3: =ROUND(C3/E3,1) -> 4.8 | J3: High | K3: 4
A4: Portal sends emails | B4: self-serve portal can automatically send email reminders | C4: =(Assumptions!C17) -> 45000 | D4: =ROUND(7580*6/(60),0) -> 758 | E4: =D4*Assumptions!C8 -> 16676 | F4: Consistency, communication, visibility | G4: =E4-C4 -> -28324 | H4: =ROUND(C4/E4,1) -> 2.7 | J4: High | K4: 3
A5: Portal schedules follow-up | B5: portal takes the responsibility of scheduling a follow up away from agent, by accessing and modifying all agents' schedules | C5: =(Assumptions!C17) -> 45000 | D5: =ROUND(2*Metrics!B4*12/60,0) -> 1978 | E5: =(D5*Assumptions!C8)+(960*93*6*0.6) -> 364924 | F5: Less conflict, fairness to agents | G5: =E5-C5 -> 319924 | H5: =ROUND(C5/E5,1) -> 0.1 | J5: Medium | K5: 2
A6: Portal captures promise-to-pay | B6: portal captures promise to pay before progressing through case. | C6: =(Assumptions!C17) -> 45000 | D6: =ROUND((27177*12)/(2*60),0) -> 2718 | E6: =D6*Assumptions!C8+(987*88*6*0.6) -> 372477.6 | F6: Customer loyalty (feel dignified) and agents spend time on more productive things | G6: =E6-C6 -> 327477.6 | H6: =ROUND(C6/E6,1) -> 0.1 | J6: Medium | K6: 1
D8: =SUM(Table2[Hours saved (Annual)]) -> 6518 | E8: =SUM(Table2[Revenue uplift (Annually)]) -> 777485.6 | G8: =sum(Table2[12-month ROI]) -> 552485.6

Sheet Calculations

Sheet ROI-summary

Sheet Sensitivity-tests
